CREATE DATABASE  IF NOT EXISTS `tourplannerdb` /*!40100 DEFAULT CHARACTER SET latin1 */;
USE `tourplannerdb`;
-- MySQL dump 10.13  Distrib 5.5.16, for Win32 (x86)
--
-- Host: localhost    Database: tourplannerdb
-- ------------------------------------------------------
-- Server version	5.5.27

/*!40101 SET @OLD_CHARACTER_SET_CLIENT=@@CHARACTER_SET_CLIENT */;
/*!40101 SET @OLD_CHARACTER_SET_RESULTS=@@CHARACTER_SET_RESULTS */;
/*!40101 SET @OLD_COLLATION_CONNECTION=@@COLLATION_CONNECTION */;
/*!40101 SET NAMES utf8 */;
/*!40103 SET @OLD_TIME_ZONE=@@TIME_ZONE */;
/*!40103 SET TIME_ZONE='+00:00' */;
/*!40014 SET @OLD_UNIQUE_CHECKS=@@UNIQUE_CHECKS, UNIQUE_CHECKS=0 */;
/*!40014 SET @OLD_FOREIGN_KEY_CHECKS=@@FOREIGN_KEY_CHECKS, FOREIGN_KEY_CHECKS=0 */;
/*!40101 SET @OLD_SQL_MODE=@@SQL_MODE, SQL_MODE='NO_AUTO_VALUE_ON_ZERO' */;
/*!40111 SET @OLD_SQL_NOTES=@@SQL_NOTES, SQL_NOTES=0 */;

--
-- Table structure for table `location_category`
--

DROP TABLE IF EXISTS `location_category`;
/*!40101 SET @saved_cs_client     = @@character_set_client */;
/*!40101 SET character_set_client = utf8 */;
CREATE TABLE `location_category` (
  `location_category_id` int(11) NOT NULL AUTO_INCREMENT,
  `location_category_type` varchar(45) NOT NULL,
  PRIMARY KEY (`location_category_id`)
) ENGINE=InnoDB AUTO_INCREMENT=9 DEFAULT CHARSET=latin1;
/*!40101 SET character_set_client = @saved_cs_client */;

--
-- Dumping data for table `location_category`
--

LOCK TABLES `location_category` WRITE;
/*!40000 ALTER TABLE `location_category` DISABLE KEYS */;
INSERT INTO `location_category` VALUES (1,'Beach'),(2,'Wildlife'),(3,'Waterfalls'),(4,'Mountains'),(5,'Nature'),(6,'Heritage'),(7,'Cultural Places'),(8,'Airports');
/*!40000 ALTER TABLE `location_category` ENABLE KEYS */;
UNLOCK TABLES;

--
-- Table structure for table `matrix`
--

DROP TABLE IF EXISTS `matrix`;
/*!40101 SET @saved_cs_client     = @@character_set_client */;
/*!40101 SET character_set_client = utf8 */;
CREATE TABLE `matrix` (
  `matrix_id` int(11) NOT NULL AUTO_INCREMENT,
  `distance` double DEFAULT NULL,
  `time` double DEFAULT NULL,
  `googlemap_location_id1` int(11) NOT NULL,
  `googlemap_location_id2` int(11) NOT NULL,
  PRIMARY KEY (`matrix_id`),
  KEY `Fk_matrix1_idx` (`googlemap_location_id1`),
  KEY `Fk_matrix2_idx` (`googlemap_location_id2`),
  CONSTRAINT `Fk_matrix1` FOREIGN KEY (`googlemap_location_id1`) REFERENCES `google_map_location` (`google_map_location_id`) ON DELETE NO ACTION ON UPDATE NO ACTION,
  CONSTRAINT `Fk_matrix2` FOREIGN KEY (`googlemap_location_id2`) REFERENCES `google_map_location` (`google_map_location_id`) ON DELETE NO ACTION ON UPDATE NO ACTION
) ENGINE=InnoDB AUTO_INCREMENT=1338 DEFAULT CHARSET=latin1;
/*!40101 SET character_set_client = @saved_cs_client */;

--
-- Dumping data for table `matrix`
--

LOCK TABLES `matrix` WRITE;
/*!40000 ALTER TABLE `matrix` DISABLE KEYS */;
INSERT INTO `matrix` VALUES (1,23.754,0.4462962962962963,1,2),(2,157.874,2.1074074074074076,1,3),(3,379.713,5.8542328042328045,1,4),(4,366.282,5.409259259259259,1,5),(5,133.272,2.306878306878307,1,6),(6,195.641,2.736243386243386,1,7),(7,323.711,5.064021164021164,1,8),(8,147.02,1.9939153439153439,1,9),(9,201.351,2.988095238095238,1,10),(10,220.697,3.128835978835979,1,11),(11,226.643,3.178042328042328,1,12),(12,190.236,3.00978835978836,1,13),(13,233.163,3.464021164021164,1,14),(14,245.892,3.641269841269841,1,15),(15,258.611,3.7955026455026455,1,16),(16,90.369,1.5357142857142858,1,17),(17,218.569,3.211375661375661,1,18),(18,250.502,3.664814814814815,1,19),(19,293.977,4.515343915343915,1,20),(20,224.405,3.3526455026455024,1,21),(21,266.333,4.075396825396825,1,22),(22,322.895,4.744708994708994,1,23),(23,307.872,4.375661375661376,1,24),(24,309.389,4.414550264550265,1,26),(25,309.014,4.409259259259259,1,27),(26,312.136,4.457936507936508,1,28),(27,310.095,4.425396825396826,1,29),(28,308.121,4.37063492063492,1,30),(29,310.881,4.454232804232804,1,31),(30,342.64,5.051851851851852,1,32),(31,346.727,5.1383597883597885,1,33),(32,343.586,5.114285714285714,1,34),(33,342.255,5.04074074074074,1,35),(34,342.878,5.064814814814815,1,36),(35,152.019,1.9716931216931217,1,37),(36,309.054,4.411375661375661,1,25),(37,25.279,0.48994708994708996,2,1),(38,144.526,2.002116402116402,2,3),(39,366.365,5.748941798941799,2,4),(40,400.517,5.813492063492063,2,5),(41,161.84,2.795238095238095,2,6),(42,182.293,2.630952380952381,2,7),(43,310.363,4.957671957671957,2,8),(44,133.672,1.8886243386243386,2,9),(45,188.003,2.882804232804233,2,10),(46,207.349,3.0235449735449738,2,11),(47,213.295,3.072751322751323,2,12),(48,216.938,3.1415343915343916,2,13),(49,219.815,3.358730158730159,2,14),(50,232.544,3.535978835978836,2,15),(51,245.263,3.6902116402116403,2,16),(52,104.482,1.9026455026455027,2,17),(53,205.221,3.106084656084656,2,18),(54,237.154,3.5595238095238093,2,19),(55,280.629,4.41005291005291,2,20),(56,211.057,3.247354497354497,2,21),(57,252.985,3.97010582010582,2,22),(58,309.546,4.639153439153439,2,23),(59,294.523,4.27010582010582,2,24),(60,295.705,4.305820105820106,2,25),(61,296.04,4.308994708994709,2,26),(62,295.665,4.303703703703704,2,27),(63,298.787,4.352380952380952,2,28),(64,296.746,4.31984126984127,2,29),(65,294.772,4.265079365079365,2,30),(66,297.532,4.348677248677249,2,31),(67,329.292,4.946560846560846,2,32),(68,333.379,5.033068783068783,2,33),(69,330.238,5.008994708994709,2,34),(70,328.907,4.935449735449735,2,35),(71,329.53,4.95952380952381,2,36),(72,138.671,1.8664021164021165,2,37),(73,158.409,2.1023809523809525,3,1),(74,145.671,2.045238095238095,3,2),(75,245.595,4.097619047619047,3,4),(76,278.509,4.303703703703704,3,5),(77,187.117,3.3150793650793653,3,6),(78,75.286,1.3222222222222222,3,7),(79,168.431,3.0404761904761903,3,8),(80,97.433,1.7751322751322751,3,9),(81,183.972,3.135978835978836,3,10),(82,133.642,2.2246031746031747,3,11),(83,139.588,2.2738095238095237,3,12),(84,212.907,3.394708994708995,3,13),(85,146.108,2.5597883597883597,3,14),(86,187.624,3.136772486772487,3,15),(87,165.275,2.8058201058201058,3,16),(88,204.136,3.3518518518518516,3,17),(89,98.213,1.7973544973544973,3,18),(90,171.823,2.7783068783068785,3,19),(91,159.859,2.7587301587301587,3,20),(92,117.95,1.915873015873016,3,21),(93,132.215,2.318783068783069,3,22),(94,185.602,2.897883597883598,3,23),(95,170.579,2.528835978835979,3,24),(96,174.284,2.55,3,25),(97,174.619,2.553174603174603,3,26),(98,171.721,2.5624338624338625,3,27),(99,177.748,2.5767195767195767,3,28),(100,172.802,2.5785714285714287,3,29),(101,172.861,2.5042328042328044,3,30),(102,177.304,2.5833333333333335,3,31),(103,208.523,3.295238095238095,3,32),(104,212.61,3.3817460317460317,3,33),(105,209.469,3.3576719576719576,3,34),(106,208.138,3.284126984126984,3,35),(107,208.761,3.308201058201058,3,36),(108,9.93,0.24232804232804234,3,37),(109,376.336,5.750793650793651,4,1),(110,363.598,5.693650793650794,4,2),(111,239.146,3.986243386243386,4,3),(112,112.2,1.8915343915343916,4,5),(113,361.236,5.373015873015873,4,6),(114,189.442,3.1272486772486774,4,7),(115,164.54,3.05,4,8),(116,270.606,4.481481481481482,4,9),(117,318.766,4.737301587301587,4,10),(118,257.981,4.213756613756614,4,11),(119,257.617,4.1722222222222225,4,12),(120,307.294,4.463492063492064,4,13),(121,275.498,4.556878306878307,4,14),(122,292.444,4.607671957671958,4,15),(123,265.818,4.23941798941799,4,16),(124,418.189,6.344444444444444,4,17),(125,192.52,3.083068783068783,4,18),(126,269.671,4.214285714285714,4,19),(127,101.177,1.5582010582010581,4,20),(128,187.801,2.929100529100529,4,21),(129,112.092,1.7796296296296297,4,22),(130,96.166,1.4465608465608466,4,23),(131,108.255,1.6291005291005292,4,24),(132,109.209,1.6576719576719576,4,25),(133,108.902,1.6428571428571428,4,26),(134,108.682,1.6484126984126983,4,27),(135,110.389,1.6650793650793652,4,28),(136,107.598,1.6156084656084657,4,29),(137,109.556,1.6761904761904762,4,30),(138,110.326,1.6865079365079365,4,31),(139,107.376,1.643915343915344,4,32),(140,109.558,1.7661375661375662,4,33),(141,108.322,1.706084656084656,4,34),(142,109.39,1.67989417989418,4,35),(143,110.014,1.7042328042328043,4,36),(144,238.118,3.994708994708995,4,37),(145,366.317,5.432275132275132,5,1),(146,400.903,5.8010582010582015,5,2),(147,277.463,4.301322751322751,5,3),(148,113.985,1.8441798941798941,5,4),(149,256.139,3.6343915343915345,5,6),(150,221.314,3.322751322751323,5,7),(151,224.116,3.9412698412698415,5,8),(152,306.483,4.467989417989418,5,9),(153,218.837,3.266931216931217,5,10),(154,235.61,3.473015873015873,5,11),(155,227.58,3.2746031746031745,5,12),(156,202.196,2.7248677248677247,5,13),(157,273.859,4.2253968253968255,5,14),(158,221.768,3.3047619047619046,5,15),(159,208.628,3.0142857142857142,5,16),(160,313.091,4.605820105820106,5,17),(161,195.447,3.01005291005291,5,18),(162,210.943,2.955026455026455,5,19),(164,126.544,1.951851851851852,5,20),(165,188.49,2.8812169312169313,5,21),(166,141.091,2.1365079365079365,5,22),(167,169.55,2.5735449735449736,5,23),(168,177.405,2.696296296296296,5,24),(169,178.359,2.7248677248677247,5,25),(170,178.052,2.71005291005291,5,26),(171,177.832,2.7156084656084656,5,27),(172,179.539,2.732275132275132,5,28),(173,176.748,2.6828042328042327,5,29),(174,178.706,2.7433862433862433,5,30),(175,179.476,2.7537037037037035,5,31),(176,75.404,1.114021164021164,5,32),(177,74.193,1.1296296296296295,5,33),(179,73.973,1.1404761904761904,5,34),(180,73.001,1.0812169312169313,5,35),(181,72.588,1.0685185185185184,5,36),(182,276.435,4.30978835978836,5,37),(183,134.164,2.3515873015873017,6,1),(184,161.842,2.7753968253968253,6,2),(185,187.405,3.208994708994709,6,3),(186,361.117,5.315079365079365,6,4),(187,256.127,3.637037037037037,6,5),(188,175.485,2.81984126984127,6,7),(189,322.809,5.507936507936508,6,8),(190,97.465,1.6537037037037037,6,9),(191,82.481,1.4984126984126984,6,10),(192,138.108,2.6415343915343916,6,11),(193,144.054,2.6907407407407407,6,12),(194,80.081,1.2375661375661375,6,13),(195,137.586,2.638095238095238,6,14),(196,127.022,2.1515873015873015,6,15),(197,147.986,2.5325396825396824,6,16),(198,79.047,1.4992063492063492,6,17),(199,198.413,3.294973544973545,6,18),(200,131.632,2.1751322751322753,6,19),(201,286.186,4.262962962962963,6,20),(202,204.249,3.4362433862433863,6,21),(203,276.58,4.123280423280423,6,22),(204,307.235,4.948677248677249,6,23),(205,301.838,4.631481481481481,6,24),(206,303.02,4.667195767195767,6,25),(207,303.355,4.67037037037037,6,26),(208,302.98,4.665079365079365,6,27),(209,306.102,4.713756613756614,6,28),(210,304.061,4.681216931216931,6,29),(211,302.087,4.626455026455027,6,30),(212,304.847,4.7100529100529105,6,31),(213,265.547,4.01984126984127,6,32),(214,264.336,4.035449735449736,6,33),(215,264.116,4.046296296296297,6,34),(216,263.144,3.987037037037037,6,35),(217,262.731,3.9743386243386243,6,36),(218,181.36,3.1084656084656084,6,37),(219,192.654,2.715079365079365,7,1),(220,179.916,2.657936507936508,7,2),(221,75.293,1.3063492063492064,7,3),(222,204.951,3.197089947089947,7,4),(223,219.507,3.3261904761904764,7,5),(224,175.208,2.9095238095238094,7,6),(225,158.117,2.9513227513227513,7,8),(226,85.524,1.3698412698412699,7,9),(227,161.28,2.6634920634920634,7,10),(228,91.8,1.5986772486772487,7,11),(229,91.435,1.5571428571428572,7,12),(230,171.977,2.68015873015873,7,13),(231,109.317,1.9417989417989419,7,14),(232,128.524,2.05,7,15),(233,101.899,1.6817460317460318,7,16),(234,201.046,3.5134920634920634,7,17),(235,34.837,0.6732804232804233,7,18),(236,105.751,1.6566137566137566,7,19),(237,116.452,1.8748677248677248,7,20),(238,42.999,0.7119047619047619,7,21),(239,90.079,1.442063492063492,7,22),(240,141.655,2.219047619047619,7,23),(241,137.146,2.0748677248677247,7,24),(242,138.328,2.110582010582011,7,25),(243,138.663,2.113756613756614,7,26),(244,138.288,2.1084656084656084,7,27),(245,141.41,2.157142857142857,7,28),(246,139.369,2.1246031746031746,7,29),(247,137.395,2.06984126984127,7,30),(248,140.155,2.1534391534391535,7,31),(249,149.521,2.3177248677248676,7,32),(250,153.608,2.4042328042328043,7,33),(251,150.467,2.38015873015873,7,34),(252,149.136,2.3066137566137566,7,35),(253,149.759,2.3306878306878307,7,36),(254,73.325,1.2886243386243386,7,37),(255,324.228,4.9791005291005295,8,1),(256,311.49,4.921957671957672,8,2),(257,168.438,2.984920634920635,8,3),(258,165.025,3.1042328042328045,8,4),(259,222.232,3.919047619047619,8,5),(260,325.944,5.658994708994709,8,6),(261,157.971,2.926984126984127,8,7),(262,236.26,4.1193121693121695,8,9),(263,303.651,5.334920634920635,8,10),(264,236.432,4.3275132275132275,8,11),(265,236.068,4.2859788359788356,8,12),(266,324.134,5.323280423280424,8,13),(267,253.949,4.670634920634921,8,14),(268,270.894,4.7214285714285715,8,15),(269,244.269,4.353174603174603,8,16),(270,351.782,6.262962962962963,8,17),(271,172.256,3.193650793650794,8,18),(272,248.122,4.328042328042328,8,19),(273,122.19,2.4283068783068784,8,20),(275,172.431,3.174867724867725,8,21),(276,107.164,2.257142857142857,8,22),(277,71.575,1.8060846560846562,8,23),(278,56.552,1.4370370370370371,8,24),(279,56.047,1.4291005291005292,8,25),(280,56.382,1.4322751322751324,8,26),(281,57.056,1.4671957671957672,8,27),(282,59.511,1.455820105820106,8,28),(283,57.687,1.4735449735449735,8,29),(284,54.624,1.3833333333333333,8,30),(285,59.067,1.4624338624338624,8,31),(286,149.848,2.8634920634920635,8,32),(287,152.03,2.9857142857142858,8,33),(288,150.794,2.9256613756613756,8,34),(289,151.861,2.8994708994708995,8,35),(290,152.485,2.9238095238095236,8,36),(291,175.748,3.119047619047619,8,37),(292,146.798,1.9351851851851851,9,1),(293,134.06,1.878042328042328,9,2),(294,97.429,1.794179894179894,9,3),(295,274.665,4.641798941798942,9,4),(296,306.541,4.5058201058201055,9,5),(297,97.172,1.7542328042328041,9,6),(298,85.508,1.405026455026455,9,7),(299,232.833,4.093121693121693,9,8),(300,94.027,1.5751322751322752,9,10),(301,107.904,1.7513227513227514,9,11),(302,113.849,1.8005291005291004,9,12),(303,122.962,1.8338624338624339,9,13),(304,120.369,2.0865079365079366,9,14),(305,138.568,2.2283068783068782,9,15),(306,145.817,2.417989417989418,9,16),(307,123.01,2.3582010582010584,9,17),(308,108.436,1.8801587301587301,9,18),(309,143.178,2.251851851851852,9,19),(310,201.961,3.27989417989418,9,20),(311,114.272,2.0214285714285714,9,21),(312,161.285,2.862962962962963,9,22),(313,217.258,3.533862433862434,9,23),(314,211.861,3.216666666666667,9,24),(315,213.043,3.2523809523809524,9,25),(316,213.378,3.2555555555555555,9,26),(317,213.003,3.2502645502645504,9,27),(318,216.125,3.298941798941799,9,28),(319,214.084,3.266402116402116,9,29),(320,212.11,3.2116402116402116,9,30),(321,214.87,3.295238095238095,9,31),(322,235.03,3.7227513227513227,9,32),(323,239.117,3.8092592592592593,9,33),(324,235.976,3.785185185185185,9,34),(325,234.645,3.7116402116402116,9,35),(326,235.268,3.7357142857142858,9,36),(327,91.384,1.6936507936507936,9,37),(328,201.182,2.9328042328042327,10,1),(329,188.444,2.8753968253968254,10,2),(330,183.964,3.0976190476190477,10,3),(331,318.74,4.733597883597883,10,4),(332,218.892,3.2494708994708996,10,5),(333,82.48,1.4976190476190476,10,6),(334,159.804,2.6552910052910055,10,7),(335,320.951,5.360582010582011,10,8),(336,94.024,1.5423280423280423,10,9),(337,95.758,1.728042328042328,10,11),(338,87.727,1.5296296296296297,10,12),(339,35.313,0.5775132275132275,10,13),(340,101.532,2.0074074074074075,10,14),(341,50.919,0.9719576719576719,10,15),(342,71.883,1.3529100529100528,10,16),(343,138.053,2.42010582010582,10,17),(344,132.511,2.2275132275132274,10,18),(345,55.529,0.9955026455026456,10,19),(346,225.819,3.4013227513227515,10,20),(347,138.347,2.3687830687830687,10,21),(348,216.212,3.2616402116402115,10,22),(349,275.293,4.143650793650794,10,23),(350,283.148,4.266402116402117,10,24),(351,284.102,4.294973544973545,10,25),(352,283.796,4.28015873015873,10,26),(353,283.575,4.285714285714286,10,27),(354,285.283,4.302380952380952,10,28),(355,282.492,4.252910052910053,10,29),(356,284.449,4.313492063492063,10,30),(357,285.22,4.3238095238095235,10,31),(358,205.18,3.1582010582010582,10,32),(359,203.969,3.1738095238095236,10,33),(360,203.749,3.1846560846560847,10,34),(361,202.778,3.1253968253968254,10,35),(362,202.364,3.1126984126984127,10,36),(363,177.919,2.9970899470899472,10,37),(364,215.021,3.068783068783069,11,1),(365,202.283,3.0116402116402115,11,2),(366,133.472,2.2084656084656085,11,3),(367,255.382,4.352116402116402,11,4),(368,235.668,3.4171957671957673,11,5),(369,132.961,2.483068783068783,11,6),(370,92.08,1.641005291005291,11,7),(371,257.499,4.427248677248677,11,8),(372,107.891,1.7235449735449735,11,9),(373,95.795,1.7052910052910053,11,10),(374,8.031,0.1939153439153439,11,12),(375,106.492,1.721957671957672,11,13),(376,40.334,0.9193121693121693,11,14),(377,56.067,1.056878306878307,11,15),(378,39.999,0.8113756613756614,11,16),(379,177.826,3.2505291005291004,11,17),(380,65.167,1.252910052910053,11,18),(381,40.266,0.6984126984126984,11,19),(382,166.883,3.02989417989418,11,20),(383,71.003,1.3941798941798942,11,21),(384,140.509,2.597089947089947,11,22),(385,200.717,3.4957671957671956,11,23),(386,236.527,3.5507936507936506,11,24),(387,237.709,3.5865079365079366,11,25),(388,238.044,3.58968253968254,11,26),(389,237.669,3.5843915343915342,11,27),(390,240.791,3.633068783068783,11,28),(391,238.75,3.6005291005291005,11,29),(392,236.776,3.545767195767196,11,30),(393,239.536,3.6293650793650793,11,31),(394,211.563,3.2523809523809524,11,32),(395,210.352,3.2679894179894178,11,33),(396,210.132,3.278835978835979,11,34),(397,209.161,3.2195767195767195,11,35),(398,208.747,3.206878306878307,11,36),(399,127.427,2.107936507936508,11,37),(400,220.966,3.10026455026455,12,1),(401,208.228,3.043121693121693,12,2),(402,139.417,2.23994708994709,12,3),(403,270.207,4.291269841269841,12,4),(404,227.637,3.223280423280423,12,5),(405,138.906,2.5145502645502646,12,6),(406,106.905,1.58015873015873,12,7),(407,255.235,4.376719576719577,12,8),(408,113.836,1.755026455026455,12,9),(409,87.764,1.5113756613756615,12,10),(410,8.031,0.1984126984126984,12,11),(411,98.461,1.528042328042328,12,13),(412,46.279,0.9507936507936507,12,14),(413,48.036,0.8629629629629629,12,15),(414,31.968,0.6174603174603175,12,16),(415,183.771,3.282010582010582,12,17),(416,79.992,1.192063492063492,12,18),(417,32.235,0.5044973544973544,12,19),(418,181.708,2.969047619047619,12,20),(419,85.828,1.3333333333333333,12,21),(420,155.334,2.5362433862433864,12,22),(421,215.542,3.4349206349206347,12,23),(422,234.263,3.5,12,24),(423,235.445,3.5357142857142856,12,25),(424,235.78,3.5388888888888888,12,26),(425,235.405,3.5335978835978836,12,27),(426,238.527,3.5822751322751323,12,28),(427,222.74,3.5441798941798943,12,29),(428,234.512,3.494973544973545,12,30),(429,237.272,3.5785714285714287,12,31),(430,203.532,3.0584656084656086,12,32),(431,202.321,3.074074074074074,12,33),(432,202.101,3.084920634920635,12,34),(433,201.13,3.0256613756613757,12,35),(434,200.716,3.012962962962963,12,36),(435,133.372,2.139417989417989,12,37),(436,190.276,3.0645502645502645,13,1),(437,217.379,3.1164021164021163,13,2),(438,212.899,3.338888888888889,13,3),(439,307.192,4.411111111111111,13,4),(440,202.202,2.733068783068783,13,5),(441,80.098,1.2666666666666666,13,6),(442,170.501,2.698148148148148,13,7),(443,326.769,5.302380952380952,13,8),(444,122.959,1.7835978835978836,13,9),(445,35.313,0.5822751322751323,13,10),(446,106.455,1.770899470899471,13,11),(447,98.424,1.5724867724867724,13,12),(448,130.467,2.2484126984126984,13,14),(449,61.616,1.0148148148148148,13,15),(450,82.58,1.3957671957671958,13,16),(451,137.05,2.238095238095238,13,17),(452,143.208,2.27037037037037,13,18),(453,66.226,1.0383597883597884,13,19),(454,231.637,3.343121693121693,13,20),(455,149.044,2.411640211640212,13,21),(456,222.03,3.2034391534391533,13,22),(457,281.111,4.085449735449735,13,23),(458,288.966,4.208201058201058,13,24),(459,289.92,4.2367724867724865,13,25),(460,289.614,4.221957671957672,13,26),(461,289.393,4.227513227513228,13,27),(462,291.101,4.2441798941798945,13,28),(463,288.31,4.194708994708995,13,29),(464,290.267,4.255291005291006,13,30),(465,291.038,4.265608465608466,13,31),(466,210.998,3.1,13,32),(467,209.787,3.1156084656084655,13,33),(468,209.567,3.1264550264550266,13,34),(469,208.596,3.0671957671957673,13,35),(470,208.182,3.0544973544973546,13,36),(471,206.854,3.2383597883597885,13,37),(472,227.485,3.3505291005291005,14,1),(473,214.747,3.2933862433862435,14,2),(474,145.936,2.49021164021164,14,3),(475,272.61,4.6534391534391535,14,4),(476,279.048,4.34021164021164,14,5),(477,137.571,2.632275132275132,14,6),(478,109.308,1.9423280423280422,14,7),(479,269.963,4.708994708994709,14,8),(480,120.355,2.005291005291005,14,9),(481,97.52,1.9955026455026454,14,10),(482,45.466,1.0677248677248676,14,11),(483,51.411,1.1169312169312169,14,12),(484,126.455,2.2542328042328044,14,13),(485,99.447,1.9798941798941798,14,15),(486,83.379,1.7343915343915344,14,16),(487,182.436,3.39973544973545,14,17),(488,82.395,1.5542328042328042,14,18),(489,83.646,1.6214285714285714,14,19),(490,184.111,3.331216931216931,14,20),(491,88.231,1.6955026455026454,14,21),(492,157.737,2.8984126984126983,14,22),(493,217.945,3.797089947089947,14,23),(494,248.991,3.8325396825396827,14,24),(495,250.173,3.8682539682539683,14,25),(496,250.508,3.8714285714285714,14,26),(497,250.508,3.8714285714285714,14,27),(498,253.255,3.914814814814815,14,28),(499,251.214,3.882275132275132,14,29),(500,249.24,3.8275132275132275,14,30),(501,252,3.911111111111111,14,31),(502,217.179,3.774074074074074,14,32),(503,221.266,3.860582010582011,14,33),(504,218.125,3.8365079365079366,14,34),(505,216.794,3.762962962962963,14,35),(506,217.417,3.787037037037037,14,36),(507,139.891,2.3896825396825396,14,37),(508,245.724,3.5912698412698414,15,1),(509,232.986,3.533862433862434,15,2),(510,187.438,3.1375661375661377,15,3),(511,320.922,4.703439153439153,15,4),(512,227.118,3.3007936507936506,15,5),(513,127.022,2.1560846560846563,15,6),(514,127.048,2.0576719576719578,15,7),(515,274.998,4.814550264550265,15,8),(516,138.566,2.200793650793651,15,9),(517,50.92,0.9997354497354497,15,10),(518,56.052,1.0960317460317461,15,11),(519,48.021,0.8976190476190476,15,12),(520,61.617,1.0164021164021164,15,13),(521,94.3,1.8484126984126985,15,14),(522,39.127,0.7552910052910053,15,16),(523,182.594,3.0785714285714287,15,17),(524,99.755,1.62989417989418,15,18),(525,22.773,0.3978835978835979,15,19),(526,228.001,3.371164021164021,15,20),(527,105.591,1.7711640211640212,15,21),(528,175.097,2.974074074074074,15,22),(529,235.305,3.8727513227513226,15,23),(530,254.026,3.937830687830688,15,24),(531,255.208,3.9735449735449735,15,25),(532,255.543,3.9767195767195767,15,26),(533,255.168,3.9714285714285715,15,27),(534,258.29,4.02010582010582,15,28),(535,242.503,3.9820105820105822,15,29),(536,254.275,3.9328042328042327,15,30),(537,257.035,4.016402116402117,15,31),(538,209.631,3.174867724867725,15,32),(539,208.42,3.1904761904761907,15,33),(540,208.2,3.2013227513227513,15,34),(541,207.229,3.142063492063492,15,35),(542,206.815,3.1293650793650793,15,36),(543,181.393,3.037037037037037,15,37),(544,252.751,3.758994708994709,16,1),(545,240.013,3.7018518518518517,16,2),(546,164.397,2.812962962962963,16,3),(547,295.795,4.368253968253968,16,4),(548,208.609,3.0044973544973543,16,5),(549,147.787,2.5174603174603174,16,6),(550,101.014,1.7230158730158731,16,7),(551,248.965,4.47989417989418,16,8),(552,145.621,2.4137566137566138,16,9),(553,71.685,1.3611111111111112,16,10),(554,39.816,0.8571428571428571,16,11),(555,31.785,0.6587301587301587,16,12),(556,82.382,1.3777777777777778,16,13),(557,78.064,1.6095238095238096,16,14),(558,38.929,0.7476190476190476,16,15),(559,203.359,3.43994708994709,16,17),(560,73.721,1.2952380952380953,16,18),(561,16.156,0.35423280423280423,16,19),(562,202.874,3.035978835978836,16,20),(563,79.557,1.4365079365079365,16,21),(564,149.063,2.639417989417989,16,22),(565,209.271,3.538095238095238,16,23),(566,227.993,3.6031746031746033,16,24),(567,229.175,3.638888888888889,16,25),(568,229.51,3.642063492063492,16,26),(569,229.135,3.636772486772487,16,27),(570,232.257,3.6854497354497355,16,28),(571,216.469,3.6473544973544976,16,29),(572,228.242,3.598148148148148,16,30),(573,231.002,3.6817460317460315,16,31),(574,184.504,2.83968253968254,16,32),(575,183.293,2.855291005291005,16,33),(576,183.073,2.8661375661375663,16,34),(577,182.102,2.806878306878307,16,35),(578,181.688,2.7941798941798943,16,36),(579,162.429,2.795238095238095,16,37),(580,90.227,1.5447089947089947,17,1),(581,104.341,1.9224867724867725,17,2),(582,203.764,3.3513227513227513,17,3),(583,418.062,6.32037037037037,17,4),(584,313.072,4.642328042328042,17,5),(585,79.046,1.5256613756613757,17,6),(586,201.323,3.4642857142857144,17,7),(587,348.647,6.152380952380953,17,8),(588,123.303,2.2981481481481483,17,9),(589,138.067,2.43015873015873,17,10),(590,182.972,3.4126984126984126,17,11),(591,188.918,3.461904761904762,17,12),(592,137.026,2.242857142857143,17,13),(593,182.45,3.4092592592592594,17,14),(594,182.608,3.0833333333333335,17,15),(595,203.572,3.4642857142857144,17,16),(596,224.251,3.9394179894179895,17,18),(597,187.218,3.106878306878307,17,19),(598,343.131,5.268253968253968,17,20),(599,230.087,4.080687830687831,17,21),(600,277.1,4.9222222222222225,17,22),(601,333.072,5.593121693121693,17,23),(602,327.676,5.275925925925926,17,24),(603,328.858,5.311640211640212,17,25),(604,329.193,5.314814814814815,17,26),(605,328.818,5.309523809523809,17,27),(606,331.94,5.358201058201058,17,28),(607,329.899,5.325661375661376,17,29),(608,327.925,5.2708994708994705,17,30),(609,330.685,5.354497354497354,17,31),(610,322.492,5.025132275132275,17,32),(611,321.281,5.04074074074074,17,33),(612,321.061,5.051587301587301,17,34),(613,320.089,4.992328042328042,17,35),(614,319.676,4.979629629629629,17,36),(615,197.909,3.2156084656084656,17,37),(616,215.647,3.2058201058201057,18,1),(617,202.909,3.1486772486772487,18,2),(618,98.285,1.7973544973544973,18,3),(619,190.969,3.1666666666666665,18,4),(620,195.474,3.0383597883597884,18,5),(621,198.201,3.4002645502645503,18,6),(622,34.902,0.7074074074074074,18,7),(623,176.43,3.276190476190476,18,8),(624,108.517,1.8605820105820106,18,9),(625,132.652,2.258994708994709,18,10),(626,65.434,1.2515873015873016,18,11),(627,65.069,1.21005291005291,18,12),(628,143.349,2.2756613756613757,18,13),(629,82.951,1.5947089947089947,18,14),(630,99.896,1.6455026455026456,18,15),(631,73.271,1.2772486772486773,18,16),(632,224.039,4.004232804232804,18,17),(633,77.123,1.2521164021164022,18,19),(634,102.47,1.8444444444444446,18,20),(635,6.704,0.21534391534391534,18,21),(636,76.097,1.4116402116402116,18,22),(637,136.304,2.31031746031746,18,23),(638,155.458,2.3994708994708995,18,24),(639,156.64,2.435185185185185,18,25),(640,156.975,2.4383597883597883,18,26),(641,156.6,2.433068783068783,18,27),(642,146.293,2.469047619047619,18,28),(643,143.502,2.4195767195767197,18,29),(644,155.707,2.3944444444444444,18,30),(645,158.467,2.478042328042328,18,31),(646,135.538,2.287301587301587,18,32),(647,139.625,2.373809523809524,18,33),(648,136.484,2.3497354497354497,18,34),(649,135.153,2.276190476190476,18,35),(650,135.776,2.3002645502645502,18,36),(651,96.317,1.7796296296296297,18,37),(652,250.333,3.5984126984126985,19,1),(653,237.595,3.541005291005291,19,2),(654,167.658,2.75,19,3),(655,298.149,4.305555555555555,19,4),(656,208.263,2.948941798941799,19,5),(657,131.631,2.1632275132275134,19,6),(658,104.275,1.66005291005291,19,7),(659,252.225,4.416931216931217,19,8),(660,143.175,2.207936507936508,19,9),(661,55.529,1.006878306878307,19,10),(662,40.23,0.7325396825396825,19,11),(663,32.199,0.5341269841269841,19,12),(664,66.226,1.0235449735449735,19,13),(665,78.478,1.484920634920635,19,14),(666,22.773,0.3933862433862434,19,15),(667,16.354,0.3574074074074074,19,16),(668,187.203,3.085714285714286,19,17),(669,76.982,1.2322751322751322,19,18),(670,205.228,2.973280423280423,19,20),(671,82.818,1.3735449735449736,19,21),(672,152.324,2.5764550264550263,19,22),(673,212.532,3.475132275132275,19,23),(674,231.253,3.5402116402116404,19,24),(675,232.435,3.575925925925926,19,25),(676,232.77,3.579100529100529,19,26),(677,232.395,3.573809523809524,19,27),(678,235.517,3.6224867724867726,19,28),(679,219.73,3.5843915343915342,19,29),(680,231.502,3.535185185185185,19,30),(681,234.262,3.6187830687830687,19,31),(682,186.858,2.776984126984127,19,32),(683,185.647,2.7925925925925927,19,33),(684,185.427,2.8034391534391534,19,34),(685,184.456,2.744179894179894,19,35),(686,184.042,2.7314814814814814,19,36),(687,165.571,2.6735449735449737,19,37),(688,284.42,4.435978835978836,20,1),(689,271.682,4.378835978835979,20,2),(690,147.23,2.6714285714285713,20,3),(691,101.205,1.5497354497354496,20,4),(692,124.65,1.9492063492063492,20,5),(693,283.536,4.25,20,6),(694,97.526,1.8124338624338625,20,7),(695,118.59,2.4195767195767197,20,8),(696,178.69,3.1666666666666665,20,9),(697,225.843,3.386772486772487,20,10),(698,166.066,2.898941798941799,20,11),(699,165.702,2.8574074074074076,20,12),(700,228.984,3.326984126984127,20,13),(701,183.583,3.242063492063492,20,14),(702,200.528,3.2928571428571427,20,15),(703,173.903,2.9246031746031744,20,16),(704,340.488,5.2214285714285715,20,17),(705,100.605,1.7682539682539682,20,18),(706,177.756,2.8994708994708995,20,19),(708,95.886,1.6142857142857143,20,21),(709,20.176,0.4648148148148148,20,22),(710,67.613,1.0703703703703704,20,23),(711,75.468,1.193121693121693,20,24),(712,76.422,1.2216931216931217,20,25),(713,76.115,1.2068783068783069,20,26),(714,75.895,1.2124338624338624,20,27),(715,77.602,1.229100529100529,20,28),(716,74.811,1.1796296296296296,20,29),(717,76.769,1.2402116402116403,20,30),(718,77.539,1.2505291005291006,20,31),(719,52.265,0.8936507936507937,20,32),(720,54.447,1.0158730158730158,20,33),(721,53.211,0.9558201058201058,20,34),(722,54.279,0.9296296296296296,20,35),(723,54.903,0.953968253968254,20,36),(724,146.202,2.67989417989418,20,37),(725,222.804,3.308201058201058,21,1),(726,210.066,3.251058201058201,21,2),(727,105.442,1.8997354497354497,21,3),(728,185.472,3.0277777777777777,21,4),(729,188.57,2.891005291005291,21,5),(730,205.358,3.502645502645503,21,6),(731,43.048,0.7206349206349206,21,7),(732,176.662,3.271957671957672,21,8),(733,115.674,1.962962962962963,21,9),(734,140.214,2.3701058201058203,21,10),(735,72.996,1.3626984126984127,21,11),(736,72.631,1.3211640211640212,21,12),(737,150.911,2.386772486772487,21,13),(738,90.513,1.705820105820106,21,14),(739,107.458,1.7566137566137565,21,15),(740,80.833,1.3883597883597885,21,16),(741,231.196,4.106613756613757,21,17),(742,7.061,0.21666666666666667,21,18),(743,84.685,1.3632275132275131,21,19),(744,96.973,1.7055555555555555,21,20),(745,70.6,1.2727513227513227,21,22),(746,130.807,2.1714285714285713,21,23),(747,138.662,2.2941798941798943,21,24),(748,139.616,2.322751322751323,21,25),(749,139.309,2.3079365079365077,21,26),(750,139.089,2.3134920634920637,21,27),(751,140.796,2.3301587301587303,21,28),(752,138.005,2.280687830687831,21,29),(753,139.963,2.3412698412698414,21,30),(754,140.733,2.3515873015873017,21,31),(755,130.041,2.1484126984126983,21,32),(756,134.128,2.234920634920635,21,33),(757,130.987,2.210846560846561,21,34),(758,129.656,2.1373015873015873,21,35),(759,130.279,2.1613756613756614,21,36),(760,103.474,1.882010582010582,21,37),(761,266.987,4.06031746031746,22,1),(762,254.249,4.003174603174603,22,2),(763,129.797,2.295767195767196,22,3),(764,116.152,1.856084656084656,22,4),(765,139.284,2.1335978835978837,22,5),(766,273.93,4.117989417989418,22,6),(767,80.093,1.4367724867724867,22,7),(768,107.145,2.216666666666667,22,8),(769,161.257,2.791005291005291,22,9),(770,216.237,3.2547619047619047,22,10),(771,147.17,2.5587301587301585,22,11),(772,146.806,2.517195767195767,22,12),(773,219.378,3.194973544973545,22,13),(774,164.687,2.901851851851852,22,14),(775,181.632,2.9526455026455025,22,15),(776,155.007,2.5843915343915342,22,16),(777,276.779,4.934656084656084,22,17),(778,81.709,1.428042328042328,22,18),(779,158.86,2.5592592592592593,22,19),(780,28.826,0.5388888888888889,22,20),(781,76.99,1.2740740740740741,22,21),(782,61.487,0.9997354497354497,22,23),(783,69.342,1.1224867724867724,22,24),(784,70.296,1.1510582010582011,22,25),(785,69.989,1.1362433862433863,22,26),(786,69.769,1.1417989417989418,22,27),(787,71.476,1.1584656084656084,22,28),(788,68.685,1.108994708994709,22,29),(789,70.643,1.1695767195767195,22,30),(790,71.413,1.17989417989418,22,31),(791,69.298,1.1251322751322752,22,32),(792,73.385,1.2116402116402116,22,33),(793,70.244,1.1875661375661375,22,34),(794,68.913,1.114021164021164,22,35),(795,69.536,1.138095238095238,22,36),(796,128.769,2.304232804232804,22,37),(797,326.454,4.7365079365079366,23,1),(798,313.716,4.67936507936508,23,2),(799,189.734,2.814814814814815,23,3),(800,96.185,1.4399470899470899,23,4),(801,167.633,2.5354497354497356,23,5),(802,306.894,5.012698412698413,23,6),(803,141.653,2.183333333333333,23,7),(804,71.49,1.7597883597883597,23,8),(805,217.21,3.473015873015873,23,9),(806,275.284,4.153968253968254,23,10),(807,207.344,3.462169312169312,23,11),(808,206.98,3.4206349206349205,23,12),(809,278.425,4.094179894179894,23,13),(810,224.861,3.8052910052910054,23,14),(811,241.806,3.856084656084656,23,15),(812,241.806,3.856084656084656,23,16),(813,332.732,5.616666666666666,23,17),(814,141.883,2.3314814814814815,23,18),(815,219.034,3.462698412698413,23,19),(816,67.59,1.0447089947089947,23,20),(817,137.164,2.1775132275132276,23,21),(818,61.455,1.028042328042328,23,22),(819,15.205,0.3388888888888889,23,24),(820,16.159,0.3674603174603175,23,25),(821,15.853,0.35264550264550265,23,26),(822,15.632,0.3582010582010582,23,27),(823,17.34,0.37486772486772485,23,28),(824,14.549,0.3253968253968254,23,29),(825,16.506,0.385978835978836,23,30),(826,17.277,0.3962962962962963,23,31),(827,95.248,1.4798941798941798,23,32),(828,97.43,1.602116402116402,23,33),(829,96.194,1.5420634920634921,23,34),(830,97.262,1.5158730158730158,23,35),(831,97.886,1.5402116402116401,23,36),(832,191.179,2.9084656084656086,23,37),(833,311.509,4.4222222222222225,24,1),(834,298.771,4.365079365079365,24,2),(835,174.789,2.5005291005291004,24,3),(836,108.732,1.6907407407407407,24,4),(837,175.505,2.704761904761905,24,5),(838,304.951,4.780952380952381,24,6),(839,136.978,2.048941798941799,24,7),(840,56.545,1.4455026455026454,24,8),(841,215.267,3.2412698412698413,24,9),(842,283.156,4.323280423280424,24,10),(843,215.439,3.4494708994708994,24,11),(844,215.075,3.407936507936508,24,12),(845,286.297,4.2634920634920634,24,13),(846,232.956,3.7925925925925927,24,14),(847,249.901,3.8433862433862434,24,15),(848,223.276,3.475132275132275,24,16),(849,330.789,5.384920634920635,24,17),(850,151.263,2.3156084656084657,24,18),(851,227.129,3.45,24,19),(852,75.462,1.214021164021164,24,20),(853,151.438,2.2968253968253967,24,21),(854,69.327,1.1973544973544974,24,22),(855,15.283,0.3925925925925926,24,23),(856,1.929,0.0664021164021164,24,25),(857,2.892,0.0746031746031746,24,26),(858,1.402,0.05714285714285714,24,27),(859,4.524,0.10582010582010581,24,28),(860,2.483,0.07328042328042328,24,29),(861,1.561,0.0716931216931217,24,30),(862,4.316,0.11825396825396825,24,31),(863,103.12,1.6492063492063491,24,32),(864,105.302,1.7714285714285714,24,33),(865,104.066,1.7113756613756614,24,34),(866,105.134,1.6851851851851851,24,35),(867,105.758,1.7095238095238094,24,36),(868,176.234,2.594179894179894,24,37),(869,312.691,4.441005291005291,25,1),(870,299.953,4.383862433862434,25,2),(871,174.314,2.517195767195767,25,3),(872,112.43,1.6957671957671958,25,4),(873,176.489,2.730952380952381,25,5),(874,306.133,4.79973544973545,25,6),(875,138.16,2.0677248677248676,25,7),(876,56.07,1.4621693121693122,25,8),(877,216.449,3.26005291005291,25,9),(878,284.14,4.3494708994709,25,10),(879,216.621,3.4682539682539684,25,11),(880,216.257,3.426719576719577,25,12),(881,287.281,4.2896825396825395,25,13),(882,234.138,3.8113756613756613,25,14),(883,251.083,3.8621693121693124,25,15),(884,224.458,3.493915343915344,25,16),(885,331.971,5.4037037037037035,25,17),(886,152.445,2.3343915343915342,25,18),(887,228.311,3.4687830687830687,25,19),(888,76.446,1.2402116402116403,25,20),(889,152.62,2.3156084656084657,25,21),(890,70.311,1.2235449735449735,25,22),(891,16.267,0.41878306878306876,25,23),(892,1.929,0.06904761904761905,25,24),(893,0.822,0.02433862433862434,25,26),(894,1.009,0.0380952380952381,25,27),(895,3.41,0.07804232804232804,25,28),(896,2.127,0.0656084656084656,25,29),(897,1.423,0.04947089947089947,25,30),(898,2.314,0.06402116402116402,25,31),(899,104.104,1.6753968253968254,25,32),(900,106.286,1.7976190476190477,25,33),(901,105.05,1.7375661375661375,25,34),(902,106.118,1.7113756613756614,25,35),(903,106.742,1.7357142857142858,25,36),(904,177.416,2.612962962962963,25,37),(905,313.026,4.446296296296296,26,1),(906,300.288,4.389153439153439,26,2),(907,174.649,2.5224867724867726,26,3),(908,111.607,1.6714285714285715,26,4),(909,111.607,1.6714285714285715,26,5),(910,306.468,4.805026455026455,26,6),(911,138.495,2.073015873015873,26,7),(912,56.405,1.4674603174603174,26,8),(913,216.784,3.2653439153439154,26,9),(914,283.377,4.33994708994709,26,10),(915,216.956,3.4735449735449735,26,11),(916,216.592,3.432010582010582,26,12),(917,286.518,4.28015873015873,26,13),(918,234.473,3.816666666666667,26,14),(919,251.418,3.8674603174603175,26,15),(920,224.793,3.499206349206349,26,16),(921,332.306,5.408994708994709,26,17),(922,152.78,2.33968253968254,26,18),(923,228.646,3.474074074074074,26,19),(924,75.683,1.2306878306878306,26,20),(925,152.955,2.320899470899471,26,21),(926,69.548,1.214021164021164,26,22),(927,15.504,0.40925925925925927,26,23),(928,2.893,0.08544973544973546,26,24),(929,0.822,0.01984126984126984,26,25),(930,1.831,0.05793650793650794,26,27),(931,2.588,0.053703703703703705,26,28),(932,1.305,0.04126984126984127,26,29),(933,1.758,0.05476190476190476,26,30),(934,1.492,0.03968253968253968,26,31),(935,103.341,1.665873015873016,26,32),(936,105.523,1.7880952380952382,26,33),(937,104.287,1.728042328042328,26,34),(938,105.355,1.701851851851852,26,35),(939,105.355,1.701851851851852,26,36),(940,177.751,2.6182539682539683,26,37),(941,312.651,4.455555555555556,27,1),(942,299.913,4.398412698412699,27,2),(943,175.931,2.533862433862434,27,3),(944,112.325,1.6857142857142857,27,4),(945,175.962,2.71984126984127,27,5),(946,306.093,4.814285714285714,27,6),(947,138.12,2.0822751322751323,27,7),(948,57.687,1.4788359788359788,27,8),(949,216.409,3.2746031746031745,27,9),(950,283.613,4.338359788359789,27,10),(951,216.581,3.482804232804233,27,11),(952,216.217,3.4412698412698415,27,12),(953,286.754,4.2785714285714285,27,13),(954,234.098,3.825925925925926,27,14),(955,251.043,3.8767195767195766,27,15),(956,224.418,3.5084656084656083,27,16),(957,331.931,5.4182539682539685,27,17),(958,152.405,2.348941798941799,27,18),(959,228.271,3.4833333333333334,27,19),(960,75.919,1.229100529100529,27,20),(961,152.58,2.3301587301587303,27,21),(962,69.784,1.2124338624338624,27,22),(963,15.74,0.4076719576719577,27,23),(964,1.402,0.05793650793650794,27,24),(965,1.009,0.02619047619047619,27,25),(966,1.831,0.05052910052910053,27,26),(967,4.064,0.0880952380952381,27,28),(968,2.023,0.05555555555555555,27,29),(969,2.432,0.07566137566137567,27,30),(970,3.323,0.09021164021164021,27,31),(971,103.577,1.6642857142857144,27,32),(972,105.759,1.7865079365079366,27,33),(973,104.523,1.7264550264550265,27,34),(974,105.591,1.7002645502645504,27,35),(975,106.215,1.7246031746031747,27,36),(976,177.376,2.6275132275132274,27,37),(977,315.774,4.49973544973545,28,1),(978,303.036,4.442592592592592,28,2),(979,177.779,2.5388888888888888,28,3),(980,113.093,1.678042328042328,28,4),(981,177.212,2.728042328042328,28,5),(982,309.216,4.858465608465608,28,6),(983,141.243,2.1264550264550266,28,7),(984,59.535,1.4838624338624338,28,8),(985,219.532,3.318783068783069,28,9),(986,284.863,4.3465608465608465,28,10),(987,219.704,3.526984126984127,28,11),(988,219.34,3.4854497354497354,28,12),(989,288.004,4.286772486772486,28,13),(990,237.221,3.8701058201058203,28,14),(991,254.166,3.920899470899471,28,15),(992,227.541,3.5526455026455026,28,16),(993,335.054,5.462433862433863,28,17),(994,155.528,2.393121693121693,28,18),(995,231.394,3.5275132275132277,28,19),(996,77.169,1.2373015873015873,28,20),(997,155.703,2.374338624338624,28,21),(998,71.034,1.2206349206349207,28,22),(999,16.99,0.4158730158730159,28,23),(1000,4.525,0.10211640211640212,28,24),(1001,3.41,0.07724867724867725,28,25),(1002,2.588,0.05740740740740741,28,26),(1003,4.064,0.08835978835978836,28,27),(1004,2.791,0.04947089947089947,28,29),(1005,7.242,0.11455026455026456,28,30),(1006,2.234,0.04312169312169312,28,31),(1007,104.827,1.6724867724867725,28,32),(1008,107.009,1.7947089947089947,28,33),(1009,105.773,1.7346560846560846,28,34),(1010,106.841,1.7084656084656085,28,35),(1011,107.465,1.7328042328042328,28,36),(1012,185.09,2.673015873015873,28,37),(1014,313.733,4.4640211640211644,29,1),(1015,300.995,4.406878306878307,29,2),(1016,177.013,2.5423280423280423,29,3),(1017,110.752,1.6301587301587301,29,4),(1018,174.871,2.68015873015873,29,5),(1019,307.175,4.822751322751323,29,6),(1020,139.202,2.0907407407407406,29,7),(1021,58.769,1.4873015873015873,29,8),(1022,217.491,3.2830687830687832,29,9),(1023,282.522,4.298677248677249,29,10),(1024,217.663,3.4912698412698413,29,11),(1025,217.299,3.4497354497354498,29,12),(1026,285.663,4.238888888888889,29,13),(1027,235.18,3.8343915343915342,29,14),(1028,252.125,3.8851851851851853,29,15),(1029,225.5,3.516931216931217,29,16),(1030,333.013,5.426719576719576,29,17),(1031,153.487,2.3574074074074076,29,18),(1032,229.353,3.4917989417989417,29,19),(1033,74.828,1.1894179894179895,29,20),(1034,144.402,2.3222222222222224,29,21),(1035,68.693,1.1727513227513227,29,22),(1036,14.649,0.367989417989418,29,23),(1037,2.484,0.0664021164021164,29,24),(1038,2.127,0.04735449735449736,29,25),(1039,1.305,0.027248677248677248,29,26),(1040,2.023,0.05264550264550265,29,27),(1041,2.791,0.04947089947089947,29,28),(1042,3.063,0.08227513227513228,29,30),(1043,2.729,0.07089947089947089,29,31),(1044,102.486,1.6246031746031746,29,32),(1045,104.668,1.7468253968253968,29,33),(1046,103.432,1.6867724867724867,29,34),(1047,104.5,1.6605820105820106,29,35),(1048,105.124,1.684920634920635,29,36),(1049,178.458,2.635978835978836,29,37),(1050,311.758,4.407936507936508,30,1),(1051,299.02,4.35079365079365,30,2),(1052,172.891,2.4677248677248675,30,3),(1053,110.033,1.71984126984127,30,4),(1054,175.682,2.7301587301587302,30,5),(1055,305.2,4.766666666666667,30,6),(1056,137.227,2.034656084656085,30,7),(1057,54.647,1.4126984126984128,30,8),(1058,215.516,3.226984126984127,30,9),(1059,288.871,4.326719576719577,30,10),(1060,215.688,3.435185185185185,30,11),(1061,215.324,3.3936507936507936,30,12),(1062,292.013,4.266931216931217,30,13),(1063,233.205,3.7783068783068785,30,14),(1064,250.15,3.829100529100529,30,15),(1065,223.525,3.460846560846561,30,16),(1066,331.038,5.37063492063492,30,17),(1067,151.512,2.3013227513227514,30,18),(1068,227.378,3.4357142857142855,30,19),(1069,75.639,1.2394179894179893,30,20),(1070,151.687,2.2825396825396824,30,21),(1071,75.043,1.2007936507936507,30,22),(1072,16.584,0.4216931216931217,30,23),(1073,1.561,0.05264550264550265,30,24),(1074,1.423,0.04576719576719577,30,25),(1075,1.758,0.04894179894179894,30,26),(1076,2.432,0.08386243386243386,30,27),(1077,4.346,0.10264550264550265,30,28),(1078,3.063,0.09021164021164021,30,29),(1079,3.25,0.08862433862433862,30,31),(1080,103.297,1.6746031746031746,30,32),(1081,105.479,1.7968253968253969,30,33),(1082,104.243,1.7367724867724867,30,34),(1083,105.311,1.7105820105820106,30,35),(1084,105.935,1.734920634920635,30,36),(1085,176.483,2.57989417989418,30,37),(1086,314.517,4.496825396825397,31,1),(1087,301.779,4.43968253968254,31,2),(1088,177.335,2.5505291005291006,31,3),(1089,113.03,1.7187830687830687,31,4),(1090,177.149,2.7687830687830686,31,5),(1091,307.959,4.855555555555555,31,6),(1092,139.986,2.1235449735449734,31,7),(1093,59.091,1.4955026455026454,31,8),(1094,218.275,3.315873015873016,31,9),(1095,284.8,4.387301587301588,31,10),(1096,218.447,3.524074074074074,31,11),(1097,218.083,3.4825396825396826,31,12),(1098,287.941,4.3275132275132275,31,13),(1099,235.964,3.867195767195767,31,14),(1100,252.909,3.917989417989418,31,15),(1101,226.284,3.54973544973545,31,16),(1102,333.797,5.45952380952381,31,17),(1103,154.271,2.39021164021164,31,18),(1104,230.137,3.5246031746031745,31,19),(1105,77.106,1.278042328042328,31,20),(1106,154.446,2.3714285714285714,31,21),(1107,70.971,1.2613756613756615,31,22),(1108,16.927,0.45661375661375664,31,23),(1109,4.316,0.13306878306878306,31,24),(1110,2.313,0.07037037037037037,31,25),(1111,1.491,0.05026455026455026,31,26),(1112,3.322,0.10846560846560846,31,27),(1113,2.234,0.056613756613756616,31,28),(1114,3.655,0.08994708994708994,31,29),(1115,3.249,0.1052910052910053,31,30),(1116,104.764,1.7132275132275132,31,32),(1117,106.946,1.8354497354497354,31,33),(1118,105.71,1.7753968253968253,31,34),(1119,106.778,1.7492063492063492,31,35),(1120,107.402,1.7735449735449735,31,36),(1121,179.242,2.668783068783069,31,37),(1122,342.09,5.027513227513228,32,1),(1123,329.352,4.970370370370371,32,2),(1124,205.584,3.291005291005291,32,3),(1125,107.373,1.6507936507936507,32,4),(1126,73.509,1.1023809523809525,32,5),(1127,262.837,4.044973544973545,32,6),(1128,149.435,2.3124338624338625,32,7),(1129,149.836,2.8806878306878305,32,8),(1130,234.96,3.6822751322751324,32,9),(1131,205.144,3.1817460317460315,32,10),(1132,211.517,3.3134920634920637,32,11),(1133,203.487,3.115079365079365,32,12),(1134,208.285,3.121957671957672,32,13),(1135,224.04,3.7587301587301587,32,14),(1136,209.622,3.188888888888889,32,15),(1137,184.535,2.854761904761905,32,16),(1138,319.789,5.016402116402117,32,17),(1139,141.062,2.284920634920635,32,18),(1140,186.85,2.7955026455026455,32,19),(1141,52.264,0.8912698412698413,32,20),(1142,136.343,2.130952380952381,32,21),(1143,69.212,1.1261904761904762,32,22),(1144,95.27,1.512962962962963,32,23),(1145,103.125,1.6357142857142857,32,24),(1146,103.772,1.6494708994708995,32,26),(1147,103.552,1.655026455026455,32,27),(1148,105.259,1.6716931216931217,32,28),(1149,102.468,1.6222222222222222,32,29),(1150,104.079,1.6642857142857144,32,25),(1151,104.426,1.6828042328042327,32,30),(1152,105.196,1.693121693121693,32,31),(1153,5.047,0.1708994708994709,32,33),(1154,0.947,0.062169312169312166,32,34),(1155,3.138,0.08280423280423281,32,35),(1156,3.762,0.10714285714285714,32,36),(1157,204.556,3.2994708994708994,32,37),(1158,346.177,5.117460317460317,33,1),(1159,333.439,5.06031746031746,33,2),(1160,209.67,3.380952380952381,33,3),(1161,109.555,1.7714285714285714,33,4),(1162,72.919,1.1187830687830689,33,5),(1163,262.247,4.061375661375662,33,6),(1164,153.522,2.4023809523809523,33,7),(1165,152.018,3.001322751322751,33,8),(1166,239.047,3.772222222222222,33,9),(1167,204.554,3.198148148148148,33,10),(1168,210.927,3.32989417989418,33,11),(1169,202.897,3.1314814814814813,33,12),(1170,207.695,3.1383597883597885,33,13),(1171,228.127,3.8486772486772485,33,14),(1172,209.032,3.2052910052910053,33,15),(1173,183.945,2.871164021164021,33,16),(1174,319.199,5.032804232804232,33,17),(1175,145.149,2.374867724867725,33,18),(1176,186.26,2.8119047619047617,33,19),(1177,54.446,1.0119047619047619,33,20),(1178,140.43,2.2208994708994707,33,21),(1179,73.299,1.2161375661375662,33,22),(1180,97.452,1.6335978835978835,33,23),(1181,105.307,1.7563492063492063,33,24),(1182,106.261,1.784920634920635,33,25),(1183,105.954,1.7701058201058202,33,26),(1184,105.734,1.7756613756613757,33,27),(1185,107.441,1.7923280423280423,33,28),(1186,104.65,1.7428571428571429,33,29),(1187,106.608,1.8034391534391534,33,30),(1188,107.378,1.8137566137566137,33,31),(1189,5.047,0.167989417989418,33,32),(1190,0.874,0.059788359788359786,33,34),(1191,2.039,0.08412698412698413,33,35),(1192,4.795,0.14126984126984127,33,36),(1193,208.642,3.389417989417989,33,37),(1194,343.036,5.089682539682539,34,1),(1195,330.298,5.032539682539682,34,2),(1196,206.529,3.3531746031746033,34,3),(1197,108.319,1.712962962962963,34,4),(1198,72.699,1.1306878306878307,34,5),(1199,262.027,4.073280423280424,34,6),(1200,150.381,2.3746031746031746,34,7),(1201,150.782,2.942857142857143,34,8),(1202,235.906,3.7444444444444445,34,9),(1203,235.906,3.7444444444444445,34,10),(1204,210.707,3.3417989417989418,34,11),(1205,202.677,3.143386243386243,34,12),(1206,207.475,3.1502645502645503,34,13),(1207,224.986,3.820899470899471,34,14),(1208,208.812,3.217195767195767,34,15),(1209,183.725,2.883068783068783,34,16),(1210,318.979,5.044708994708995,34,17),(1211,142.008,2.347089947089947,34,18),(1212,186.04,2.823809523809524,34,19),(1213,53.21,0.9534391534391534,34,20),(1214,137.289,2.193121693121693,34,21),(1215,70.158,1.1883597883597883,34,22),(1216,96.216,1.5751322751322752,34,23),(1217,104.071,1.6978835978835978,34,24),(1218,105.025,1.7264550264550265,34,25),(1219,104.718,1.7116402116402116,34,26),(1220,104.498,1.7171957671957672,34,27),(1221,106.205,1.7338624338624338,34,28),(1222,103.414,1.6843915343915343,34,29),(1223,105.372,1.744973544973545,34,30),(1224,106.142,1.7552910052910053,34,31),(1225,0.946,0.06190476190476191,34,32),(1226,0.874,0.06190476190476191,34,33),(1227,1.307,0.0701058201058201,34,35),(1228,2.666,0.13174603174603175,34,36),(1229,205.501,3.3616402116402115,34,37),(1230,341.705,5.017724867724867,35,1),(1231,328.967,4.96058201058201,35,2),(1232,205.199,3.2812169312169313,35,3),(1233,109.387,1.6912698412698413,35,4),(1234,71.107,1.056878306878307,35,5),(1235,260.435,3.9994708994708996,35,6),(1236,149.05,2.3026455026455026,35,7),(1237,151.85,2.9211640211640213,35,8),(1238,234.575,3.6724867724867725,35,9),(1239,202.742,3.136243386243386,35,10),(1240,209.115,3.2679894179894178,35,11),(1241,201.085,3.0695767195767196,35,12),(1242,205.883,3.0764550264550263,35,13),(1243,223.655,3.748941798941799,35,14),(1244,207.22,3.143386243386243,35,15),(1245,182.133,2.8092592592592593,35,16),(1246,317.387,4.970899470899471,35,17),(1247,140.677,2.2751322751322753,35,18),(1248,184.448,2.75,35,19),(1249,54.278,0.9317460317460318,35,20),(1250,135.958,2.121164021164021,35,21),(1251,68.827,1.1164021164021165,35,22),(1252,97.284,1.5534391534391534,35,23),(1253,105.139,1.6761904761904762,35,24),(1254,106.093,1.7047619047619047,35,25),(1255,105.786,1.6899470899470899,35,26),(1256,105.566,1.6955026455026454,35,27),(1257,107.273,1.7121693121693122,35,28),(1258,104.482,1.6626984126984128,35,29),(1259,106.44,1.7232804232804233,35,30),(1260,107.21,1.7335978835978836,35,31),(1261,3.138,0.09391534391534391,35,32),(1262,2.039,0.08439153439153439,35,33),(1263,1.307,0.07037037037037037,35,34),(1264,1.359,0.06164021164021164,35,36),(1265,204.171,3.2896825396825395,35,37),(1266,342.328,5.016931216931217,36,1),(1267,329.59,4.95978835978836,36,2),(1268,205.822,3.2804232804232805,36,3),(1269,110.011,1.6904761904761905,36,4),(1270,70.694,1.0629629629629629,36,5),(1271,260.022,4.0055555555555555,36,6),(1272,149.673,2.301851851851852,36,7),(1273,152.474,2.9203703703703705,36,8),(1274,235.198,3.6716931216931217,36,9),(1275,202.329,3.1423280423280424,36,10),(1276,208.702,3.274074074074074,36,11),(1277,200.672,3.0756613756613755,36,12),(1278,205.47,3.0825396825396827,36,13),(1279,224.278,3.748148148148148,36,14),(1280,206.807,3.1494708994708995,36,15),(1281,181.72,2.8153439153439153,36,16),(1282,316.974,4.976984126984127,36,17),(1283,141.3,2.2743386243386245,36,18),(1284,184.035,2.756084656084656,36,19),(1285,54.902,0.930952380952381,36,20),(1286,136.581,2.1203703703703702,36,21),(1287,69.45,1.1156084656084657,36,22),(1288,97.908,1.5526455026455026,36,23),(1289,105.763,1.6753968253968254,36,24),(1290,106.717,1.703968253968254,36,25),(1291,106.41,1.689153439153439,36,26),(1292,106.19,1.6947089947089946,36,27),(1293,107.897,1.7113756613756614,36,28),(1294,105.106,1.661904761904762,36,29),(1295,107.064,1.7224867724867725,36,30),(1296,107.834,1.7328042328042328,36,31),(1297,3.762,0.09312169312169312,36,32),(1298,4.795,0.1343915343915344,36,33),(1299,2.666,0.1306878306878307,36,34),(1300,1.359,0.06031746031746032,36,35),(1301,204.794,3.2888888888888888,36,37),(1302,151.302,1.901851851851852,37,1),(1303,138.564,1.8447089947089947,37,2),(1304,10.039,0.24682539682539684,37,3),(1305,241.718,4.113227513227513,37,4),(1306,274.632,4.31931216931217,37,5),(1307,180.926,3.196825396825397,37,6),(1308,73.307,1.3137566137566137,37,7),(1309,175.875,3.2023809523809526,37,8),(1310,91.242,1.6568783068783068,37,9),(1311,177.781,3.017724867724868,37,10),(1312,127.452,2.1063492063492064,37,11),(1313,133.397,2.1555555555555554,37,12),(1314,206.716,3.2764550264550265,37,13),(1315,139.917,2.4415343915343914,37,14),(1316,181.433,3.0185185185185186,37,15),(1317,165.365,2.773015873015873,37,16),(1318,197.029,3.1513227513227515,37,17),(1319,96.234,1.788888888888889,37,18),(1320,165.632,2.6600529100529102,37,19),(1321,155.982,2.7743386243386245,37,20),(1322,102.07,1.9301587301587302,37,21),(1323,128.338,2.3343915343915342,37,22),(1324,190.015,2.9708994708994707,37,23),(1325,174.992,2.6018518518518516,37,24),(1326,176.174,2.6375661375661377,37,25),(1327,176.509,2.640740740740741,37,26),(1328,176.134,2.6354497354497353,37,27),(1329,179.256,2.684126984126984,37,28),(1330,177.215,2.6515873015873015,37,29),(1331,175.241,2.596825396825397,37,30),(1332,178.001,2.6804232804232804,37,31),(1333,204.646,3.310846560846561,37,32),(1334,208.733,3.3973544973544976,37,33),(1335,205.592,3.3732804232804234,37,34),(1336,204.261,3.29973544973545,37,35),(1337,204.884,3.323809523809524,37,36);
/*!40000 ALTER TABLE `matrix` ENABLE KEYS */;
UNLOCK TABLES;

--
-- Table structure for table `location_image`
--

DROP TABLE IF EXISTS `location_image`;
/*!40101 SET @saved_cs_client     = @@character_set_client */;
/*!40101 SET character_set_client = utf8 */;
CREATE TABLE `location_image` (
  `location_image_id` int(11) NOT NULL AUTO_INCREMENT,
  `location_image_name` varchar(45) NOT NULL,
  `location_image_url` varchar(45) NOT NULL,
  `location_id` int(11) NOT NULL,
  PRIMARY KEY (`location_image_id`,`location_id`),
  KEY `location_id_idx` (`location_id`),
  CONSTRAINT `FK_12` FOREIGN KEY (`location_id`) REFERENCES `location` (`location_id`) ON DELETE NO ACTION ON UPDATE NO ACTION
) ENGINE=InnoDB AUTO_INCREMENT=103 DEFAULT CHARSET=latin1;
/*!40101 SET character_set_client = @saved_cs_client */;

--
-- Dumping data for table `location_image`
--

LOCK TABLES `location_image` WRITE;
/*!40000 ALTER TABLE `location_image` DISABLE KEYS */;
INSERT INTO `location_image` VALUES (1,'Unawatuna_1.jpg','1/Unawatuna_1.jpg',1),(2,'Unawatuna_2.jpg','1/Unawatuna_2.jpg',1),(3,'unawatuna_3.jpg','1/unawatuna_3.jpg',1),(4,'Hikkaduwa_1.jpg','2/Hikkaduwa_1.jpg',2),(5,'Hikkaduwa_2.jpg','2/Hikkaduwa_2.jpg',2),(6,'Hikkaduwa_3.jpg','2/Hikkaduwa_3.jpg',2),(7,'Negombo_1.jpg','3/Negombo_1.jpg',3),(8,'Negombo_2.jpg','3/Negombo_2.jpg',3),(9,'Negombo_3.jpg','3/Negombo_3.jpg',3),(10,'Trincomale_1.jpg','4/Trincomale_1.jpg',4),(11,'Trincomale_2.jpg','4/Trincomale_2.jpg',4),(12,'Trincomale_3.jpg','4/Trincomale_3.jpg',4),(13,'Pasikuda_1.jpg','5/Pasikuda_1.jpg',5),(14,'Pasikuda_2.jpg','5/Pasikuda_2.jpg',5),(15,'Pasikuda_3.jpg','5/Pasikuda_3.jpg',5),(16,'Udawalawe_1.jpg','6/Udawalawe_1.jpg',6),(17,'Udawalawe_2.jpg','6/Udawalawe_2.jpg',6),(18,'Udawalawe_3.jpg','6/Udawalawe_3.jpg',6),(19,'Pinnawella_1.jpg','7/Pinnawella_1.jpg',7),(20,'Pinnawella_2.jpg','7/Pinnawella_2.jpg',7),(21,'Pinnawella_3.jpg','7/Pinnawella_3.jpg',7),(22,'Wilpathu_1.jpg','8/Wilpathu_1.jpg',8),(23,'Wilpathu_2.jpg','8/Wilpathu_2.jpg',8),(24,'Wilpathu_3.jpg','8/Wilpathu_3.jpg',8),(25,'Bopath ella_1.jpg','9/Bopath ella_1.jpg',9),(26,'Bopath ella_2.jpg','9/Bopath ella_2.jpg',9),(27,'Bopath ella_3.jpg','9/Bopath ella_3.jpg',9),(28,'Bambarakanda_1.jpg','10/Bambarakanda_1.jpg',10),(29,'Bambarakanda_2.jpg','10/Bambarakanda_2.jpg',10),(30,'Babarakanda_3.jpg','10/Babarakanda_3.jpg',10),(31,'Devon falls_1.jpg','11/Devon falls_1.jpg',11),(32,'Devon falls_2.jpg','11/Devon falls_2.jpg',11),(33,'Devon falls_3.jpg','11/Devon falls_3.jpg',11),(34,'St.Clair_1.jpg','12/St.Clair_1.jpg',12),(35,'St.Clair_2.jpg','12/St.Clair_2.jpg',12),(36,'St.Clairs_3.jpg','12/St.Clairs_3.jpg',12),(37,'Diyaluma_1.jpg','13/Diyaluma_1.jpg',13),(38,'Diyaluma_2.jpg','13/Diyaluma_2.jpg',13),(39,'Diyaluma_3.jpg','13/Diyaluma_3.jpg',13),(40,'Adams Peak_1.jpg','14/Adams Peak_1.jpg',14),(41,'Adams Peak_2.jpg','14/Adams Peak_2.jpg',14),(42,'Adams Peak_3.jpg','14/Adams Peak_3.jpg',14),(43,'Horton plain\'s & world\'s end_1.jpg','15/Horton plain\'s & world\'s end_1.jpg',15),(44,'Horton plain\'s & world\'s end_2.jpg','15/Horton plain\'s & world\'s end_2.jpg',15),(45,'Horton plain\'s & world\'s end_3.jpg','15/Horton plain\'s & world\'s end_3.jpg',15),(46,'Piduruthalagala_1.jpg','16/Piduruthalagala_1.jpg',16),(47,'Piduruthalagala_2.jpg','16/Piduruthalagala_2.jpg',16),(48,'Piduruthalagala_3.jpg','16/Piduruthalagala_3.jpg',16),(49,'Sinharaja_1.jpg','17/Sinharaja_1.jpg',17),(50,'Sinharaja_2.jpg','17/Sinharaja_2.jpg',17),(51,'Sinharaja_3.jpg','17/Sinharaja_3.jpg',17),(52,'Peradeniya_1.JPG','18/Peradeniya_1.JPG',18),(53,'Peradeniya_2.jpg','18/Peradeniya_2.jpg',18),(54,'Peradeniya_3.JPG','18/Peradeniya_3.JPG',18),(55,'Hakgala_1.jpg','19/Hakgala_1.jpg',19),(56,'Hakgala_2.jpg','19/Hakgala_2.jpg',19),(57,'Hakgala_3.jpg','19/Hakgala_3.jpg',19),(58,'Sigiriya_1.jpg','20/Sigiriya_1.jpg',20),(59,'sigiriya_2.jpg','20/sigiriya_2.jpg',20),(60,'Sigiriya_3.jpg','20/Sigiriya_3.jpg',20),(61,'Dalada maligawa_1.jpg','21/Dalada maligawa_1.jpg',21),(62,'Dalada maligawa_2.jpg','21/Dalada maligawa_2.jpg',21),(63,'Dalada maligawa_3.jpg','21/Dalada maligawa_3.jpg',21),(64,'Dambulla_1.jpg','22/Dambulla_1.jpg',22),(65,'Dambulla_2.jpg','22/Dambulla_2.jpg',22),(66,'Dambulla_3.jpg','22/Dambulla_3.jpg',22),(67,'Mihintale_1.jpg','23/Mihintale_1.jpg',23),(68,'Mihintale_2.jpg','23/Mihintale_2.jpg',23),(69,'Mihintale_3.jpg','23/Mihintale_3.jpg',23),(70,'Sri Maha Bodhiya_1.jpg','24/Sri Maha Bodhiya_1.jpg',24),(71,'Ruwanwelisaya_1.JPG','25/Ruwanwelisaya_1.JPG',25),(72,'Ruwanwelisaya_2.jpg','25/Ruwanwelisaya_2.jpg',25),(73,'Thuparamaya_1.jpg','26/Thuparamaya_1.jpg',26),(74,'Thuparamaya_2.jpg','26/Thuparamaya_2.jpg',26),(75,'Thuparamaya_3.jpg','26/Thuparamaya_3.jpg',26),(76,'Lovamahapaya_1.jpg','27/Lovamahapaya_1.jpg',27),(77,'Lovamahapaya_2.jpg','27/Lovamahapaya_2.jpg',27),(78,'Lovamahapaya_3.jpg','27/Lovamahapaya_3.jpg',27),(79,'Abhayagiri Dagaba_1.jpg','28/Abhayagiri Dagaba_1.jpg',28),(80,'Abhayagiri Dagaba_2.jpg','28/Abhayagiri Dagaba_2.jpg',28),(81,'Jetavanaramaya_1.jpg','29/Jetavanaramaya_1.jpg',29),(82,'Jetavanaramaya_2.JPG','29/Jetavanaramaya_2.JPG',29),(83,'Jetavanaramaya_3.jpg','29/Jetavanaramaya_3.jpg',29),(84,'Mirisaveti Stupa_1.jpg','30/Mirisaveti Stupa_1.jpg',30),(85,'Mirisaveti Stupa_2.jpg','30/Mirisaveti Stupa_2.jpg',30),(86,'Mirisaveti Stupa_3.jpg','30/Mirisaveti Stupa_3.jpg',30),(87,'Lankarama Dagoba_1.JPG','31/Lankarama Dagoba_1.JPG',31),(88,'Lankarama Dagoba_2.jpg','31/Lankarama Dagoba_2.jpg',31),(89,'Lankarama Dagoba_3.jpg','31/Lankarama Dagoba_3.jpg',31),(90,'Lankatilaka_vihara_1.jpg','32/Lankatilaka_vihara_1.jpg',32),(91,'Lankatilaka_vihara_2.jpg','32/Lankatilaka_vihara_2.jpg',32),(92,'Lankatilaka_vihara_3.jpg','32/Lankatilaka_vihara_3.jpg',32),(93,'Gal Vihara_1.jpg','33/Gal Vihara_1.jpg',33),(94,'Gal Vihara_2.jpg','33/Gal Vihara_2.jpg',33),(95,'Gal Vihara_3.jpg','33/Gal Vihara_3.jpg',33),(96,'Rankot_viharaya_1.jpg','34/Rankot_viharaya_1.jpg',34),(97,'Rankot_viharaya_2.jpg','34/Rankot_viharaya_2.jpg',34),(98,'Gal Pota_1.jpg','35/Gal Pota_1.jpg',35),(99,'Gal Pota_2.jpg','35/Gal Pota_2.jpg',35),(100,'Gal Pota_3.jpg','35/Gal Pota_3.jpg',35),(101,'Nissanka malla palace_1.jpg','36/Nissanka malla palace_1.jpg',36),(102,'Nissanka malla palace_3.jpg','36/Nissanka malla palace_3.jpg',36);
/*!40000 ALTER TABLE `location_image` ENABLE KEYS */;
UNLOCK TABLES;

--
-- Table structure for table `tour_planner_list`
--

DROP TABLE IF EXISTS `tour_planner_list`;
/*!40101 SET @saved_cs_client     = @@character_set_client */;
/*!40101 SET character_set_client = utf8 */;
CREATE TABLE `tour_planner_list` (
  `tour_planner_list_id` int(11) NOT NULL AUTO_INCREMENT,
  `username` varchar(20) NOT NULL,
  `checkin_date` date NOT NULL,
  `checkout_date` date NOT NULL,
  `start_location_id` int(11) NOT NULL,
  `end_location_id` int(11) NOT NULL,
  PRIMARY KEY (`tour_planner_list_id`),
  KEY `username_idx` (`username`),
  CONSTRAINT `FK_1` FOREIGN KEY (`username`) REFERENCES `user` (`username`) ON DELETE CASCADE ON UPDATE CASCADE
) ENGINE=InnoDB AUTO_INCREMENT=17 DEFAULT CHARSET=latin1;
/*!40101 SET character_set_client = @saved_cs_client */;

--
-- Dumping data for table `tour_planner_list`
--

LOCK TABLES `tour_planner_list` WRITE;
/*!40000 ALTER TABLE `tour_planner_list` DISABLE KEYS */;
INSERT INTO `tour_planner_list` VALUES (2,'duminda','2014-11-01','2014-11-05',37,37),(3,'duminda','2014-11-03','2014-11-07',37,37),(4,'duminda','2014-11-01','2014-11-06',37,37),(5,'duminda','2014-11-06','2014-11-08',37,37),(6,'duminda','2014-11-06','2014-11-08',37,37),(8,'duminda','2015-01-01','2015-01-22',1,17),(13,'duminda','2015-02-10','2015-02-28',19,7),(14,'duminda','2015-02-10','2015-02-28',37,37),(15,'duminda','2015-02-02','2015-02-28',2,20),(16,'duminda','2015-01-30','2015-02-20',20,22);
/*!40000 ALTER TABLE `tour_planner_list` ENABLE KEYS */;
UNLOCK TABLES;

--
-- Table structure for table `location_review`
--

DROP TABLE IF EXISTS `location_review`;
/*!40101 SET @saved_cs_client     = @@character_set_client */;
/*!40101 SET character_set_client = utf8 */;
CREATE TABLE `location_review` (
  `location_review_id` int(11) NOT NULL AUTO_INCREMENT,
  `comment` varchar(45) NOT NULL,
  `location_id` int(11) NOT NULL,
  `username` varchar(20) NOT NULL,
  PRIMARY KEY (`location_review_id`),
  KEY `username_idx` (`username`),
  KEY `location_id_idx` (`location_id`),
  CONSTRAINT `FK_10` FOREIGN KEY (`location_id`) REFERENCES `location` (`location_id`) ON DELETE NO ACTION ON UPDATE NO ACTION,
  CONSTRAINT `FK_9` FOREIGN KEY (`username`) REFERENCES `user` (`username`) ON DELETE NO ACTION ON UPDATE NO ACTION
) ENGINE=InnoDB AUTO_INCREMENT=2 DEFAULT CHARSET=latin1;
/*!40101 SET character_set_client = @saved_cs_client */;

--
-- Dumping data for table `location_review`
--

LOCK TABLES `location_review` WRITE;
/*!40000 ALTER TABLE `location_review` DISABLE KEYS */;
INSERT INTO `location_review` VALUES (1,'Great place...',2,'duminda');
/*!40000 ALTER TABLE `location_review` ENABLE KEYS */;
UNLOCK TABLES;

--
-- Table structure for table `hot_location`
--

DROP TABLE IF EXISTS `hot_location`;
/*!40101 SET @saved_cs_client     = @@character_set_client */;
/*!40101 SET character_set_client = utf8 */;
CREATE TABLE `hot_location` (
  `hot_location_id` int(11) NOT NULL AUTO_INCREMENT,
  `location_id` int(11) NOT NULL,
  PRIMARY KEY (`hot_location_id`),
  KEY `location_id_idx` (`location_id`),
  CONSTRAINT `FK_11` FOREIGN KEY (`location_id`) REFERENCES `location` (`location_id`) ON DELETE NO ACTION ON UPDATE NO ACTION
) ENGINE=InnoDB AUTO_INCREMENT=11 DEFAULT CHARSET=latin1;
/*!40101 SET character_set_client = @saved_cs_client */;

--
-- Dumping data for table `hot_location`
--

LOCK TABLES `hot_location` WRITE;
/*!40000 ALTER TABLE `hot_location` DISABLE KEYS */;
INSERT INTO `hot_location` VALUES (1,2),(3,7),(6,11),(7,14),(5,15),(4,16),(2,20),(9,23),(8,24),(10,28);
/*!40000 ALTER TABLE `hot_location` ENABLE KEYS */;
UNLOCK TABLES;

--
-- Table structure for table `contact_us`
--

DROP TABLE IF EXISTS `contact_us`;
/*!40101 SET @saved_cs_client     = @@character_set_client */;
/*!40101 SET character_set_client = utf8 */;
CREATE TABLE `contact_us` (
  `contact_us_id` int(11) NOT NULL AUTO_INCREMENT,
  `name` varchar(45) NOT NULL,
  `email` varchar(45) NOT NULL,
  `contact_no` varchar(20) NOT NULL,
  `message` varchar(100) NOT NULL,
  PRIMARY KEY (`contact_us_id`)
) ENGINE=InnoDB AUTO_INCREMENT=2 DEFAULT CHARSET=latin1;
/*!40101 SET character_set_client = @saved_cs_client */;

--
-- Dumping data for table `contact_us`
--

LOCK TABLES `contact_us` WRITE;
/*!40000 ALTER TABLE `contact_us` DISABLE KEYS */;
INSERT INTO `contact_us` VALUES (1,'Regis','duminda@yahoo.com','0777123321','Does it provide the optimal route?');
/*!40000 ALTER TABLE `contact_us` ENABLE KEYS */;
UNLOCK TABLES;

--
-- Table structure for table `user`
--

DROP TABLE IF EXISTS `user`;
/*!40101 SET @saved_cs_client     = @@character_set_client */;
/*!40101 SET character_set_client = utf8 */;
CREATE TABLE `user` (
  `username` varchar(20) NOT NULL,
  `first_name` varchar(25) NOT NULL,
  `last_name` varchar(45) NOT NULL,
  `email_address` varchar(25) NOT NULL,
  `user_type` varchar(15) NOT NULL,
  `entered_date` datetime NOT NULL,
  `password` varchar(20) NOT NULL,
  PRIMARY KEY (`username`),
  UNIQUE KEY `email_address_UNIQUE` (`email_address`)
) ENGINE=InnoDB DEFAULT CHARSET=latin1;
/*!40101 SET character_set_client = @saved_cs_client */;

--
-- Dumping data for table `user`
--

LOCK TABLES `user` WRITE;
/*!40000 ALTER TABLE `user` DISABLE KEYS */;
INSERT INTO `user` VALUES ('arlene','nirmala','Perera','abs@aaa.com','Member','2014-12-30 21:33:59','123'),('duminda','Duminda','Hettiarachchi','duminda.nirosh@gmail.com','Member','2014-12-29 23:44:32','1234'),('nirosh','nirosh','hetti','nirosh@gmail.com','Admin','2014-12-30 00:40:34','123'),('roo','Roo','amila','abc@gmail.com','Admin','2015-01-10 21:33:22','123');
/*!40000 ALTER TABLE `user` ENABLE KEYS */;
UNLOCK TABLES;

--
-- Table structure for table `google_map_location`
--

DROP TABLE IF EXISTS `google_map_location`;
/*!40101 SET @saved_cs_client     = @@character_set_client */;
/*!40101 SET character_set_client = utf8 */;
CREATE TABLE `google_map_location` (
  `google_map_location_id` int(11) NOT NULL AUTO_INCREMENT,
  `google_map_location_name` varchar(45) NOT NULL,
  `latitude` double NOT NULL,
  `longitude` double NOT NULL,
  `location_id` int(11) NOT NULL,
  PRIMARY KEY (`google_map_location_id`),
  KEY `FK_GID_idx` (`location_id`),
  CONSTRAINT `FK_GID` FOREIGN KEY (`location_id`) REFERENCES `location` (`location_id`) ON DELETE NO ACTION ON UPDATE NO ACTION
) ENGINE=InnoDB AUTO_INCREMENT=39 DEFAULT CHARSET=latin1;
/*!40101 SET character_set_client = @saved_cs_client */;

--
-- Dumping data for table `google_map_location`
--

LOCK TABLES `google_map_location` WRITE;
/*!40000 ALTER TABLE `google_map_location` DISABLE KEYS */;
INSERT INTO `google_map_location` VALUES (1,'Unawatuna',6.0166667,80.25,1),(2,'Hikkaduwa',6.1406853,80.09984550000001,2),(3,'Negombo',7.209337,79.83406100000002,3),(4,'Trincomalee',8.569151,81.23290999999995,4),(5,'Pasikudah',7.9210398,81.56829089999997,5),(6,'Udawalawe National Park',6.4738889,80.89861109999993,6),(7,'Pinnawala Elephant Orphanage',7.300982500000001,80.38711309999997,7),(8,'Wilpattu National Park',8.4105556,80.05111110000007,8),(9,'Bopath Falls',6.8,80.3666667,9),(10,'Bamarakanda Falls',6.7669444,80.83305559999997,10),(11,'Devon Falls',6.933333299999999,80.6166667,11),(12,'St Clairs Falls',6.951178000000001,80.647877,12),(13,'Diyaluma Waterfall',6.733144299999999,81.03141729999993,13),(14,'Adam\'s Peak',6.8092299,80.49966389999997,14),(15,'Horton Plains National Park ',6.811305900000001,80.78794070000004,15),(16,'Pidurutalagala',7.0008333,80.77333329999999,16),(17,'Sinharaja Forest',6.3897222,80.50138889999994,17),(18,'Peradeniya Botanical Gardens',7.271227299999999,80.59522119999997,18),(19,'Hakgala Botanical Garden',6.9253047,80.8218617,19),(20,'Sigiriya',7.956408400000001,80.75957540000002,20),(21,'Dalada Maligawa',7.294017900000001,80.64118940000003,21),(22,'Dambulla',7.856666699999999,80.64916670000002,22),(23,'Mihintale',8.3505944,80.51694440000006,23),(24,'Sri Maha Bodhiya',8.3449019,80.39735199999996,24),(25,'Ruwanwelisaya',8.3501184,80.39659410000002,25),(26,'Thuparamaya',8.3552815,80.39639540000007,26),(27,'Lovamahapaya',8.3459336,80.3980477,27),(28,'Abayagiri Dagaba',8.3711335,80.39518120000002,28),(29,'Jetavanarama',8.351666699999999,80.40361110000003,29),(30,'Mirisavetiya',8.3450372,80.389003,30),(31,'Lankarama',8.3647488,80.391705,31),(32,'Lankatilaka Viharaya',7.962909799999999,81.00337999999999,32),(33,'Gal Viharaya',7.9650522,81.00550709999993,33),(34,'Rankoth Vihara',7.958397999999999,81.00316420000001,34),(35,'Gal Potha, Polonnaruwa, Sri Lanka',7.947863399999999,81.00147019999997,35),(36,'Nissanka Malla',7.944173699999999,80.99785539999993,36),(37,'Bandaranaike International Airport',7.170223699999999,79.8829184,37),(38,'Kelaniya',6.9711655,79.92220440000006,38);
/*!40000 ALTER TABLE `google_map_location` ENABLE KEYS */;
UNLOCK TABLES;

--
-- Table structure for table `tour_planner_list_location`
--

DROP TABLE IF EXISTS `tour_planner_list_location`;
/*!40101 SET @saved_cs_client     = @@character_set_client */;
/*!40101 SET character_set_client = utf8 */;
CREATE TABLE `tour_planner_list_location` (
  `tour_planner_list_id` int(11) NOT NULL,
  `location_id` int(11) NOT NULL,
  PRIMARY KEY (`tour_planner_list_id`,`location_id`),
  KEY `tour_planner_list_id_idx` (`tour_planner_list_id`),
  KEY `location_id_idx` (`location_id`),
  CONSTRAINT `FK_2` FOREIGN KEY (`tour_planner_list_id`) REFERENCES `tour_planner_list` (`tour_planner_list_id`) ON DELETE NO ACTION ON UPDATE NO ACTION,
  CONSTRAINT `FK_3` FOREIGN KEY (`location_id`) REFERENCES `location` (`location_id`) ON DELETE NO ACTION ON UPDATE NO ACTION
) ENGINE=InnoDB DEFAULT CHARSET=latin1;
/*!40101 SET character_set_client = @saved_cs_client */;

--
-- Dumping data for table `tour_planner_list_location`
--

LOCK TABLES `tour_planner_list_location` WRITE;
/*!40000 ALTER TABLE `tour_planner_list_location` DISABLE KEYS */;
INSERT INTO `tour_planner_list_location` VALUES (2,1),(2,7),(2,17),(3,2),(3,9),(3,14),(3,15),(3,20),(4,6),(4,24),(5,1),(5,4),(5,6),(5,8),(5,14),(5,18),(6,1),(6,20),(6,29),(8,11),(13,5),(13,22),(14,4),(16,7),(16,23),(16,36);
/*!40000 ALTER TABLE `tour_planner_list_location` ENABLE KEYS */;
UNLOCK TABLES;

--
-- Table structure for table `location`
--

DROP TABLE IF EXISTS `location`;
/*!40101 SET @saved_cs_client     = @@character_set_client */;
/*!40101 SET character_set_client = utf8 */;
CREATE TABLE `location` (
  `location_id` int(11) NOT NULL AUTO_INCREMENT,
  `location_name` varchar(50) NOT NULL,
  `location_description` varchar(1000) NOT NULL,
  `location_category_id` int(11) NOT NULL,
  `location_city` varchar(30) NOT NULL,
  `location_district` varchar(30) NOT NULL,
  `main_image_name` varchar(45) DEFAULT NULL,
  `main_image_url` varchar(100) DEFAULT NULL,
  `approval` tinyint(1) DEFAULT '0',
  `approved_by` varchar(25) DEFAULT NULL,
  `entered_by` varchar(25) NOT NULL,
  `visiting_duration` double DEFAULT NULL,
  PRIMARY KEY (`location_id`),
  KEY `location_category_id_idx` (`location_category_id`),
  CONSTRAINT `FK_4` FOREIGN KEY (`location_category_id`) REFERENCES `location_category` (`location_category_id`) ON DELETE NO ACTION ON UPDATE NO ACTION
) ENGINE=InnoDB AUTO_INCREMENT=39 DEFAULT CHARSET=latin1;
/*!40101 SET character_set_client = @saved_cs_client */;

--
-- Dumping data for table `location`
--

LOCK TABLES `location` WRITE;
/*!40000 ALTER TABLE `location` DISABLE KEYS */;
INSERT INTO `location` VALUES (1,'Unawatuna','Unawatuna',1,'Galle','Galle','unawatuna_main.jpg','1/unawatuna_main.jpg',1,'roo','roo',3),(2,'Hikkaduwa','Hikkaduwa',1,'Galle','Galle','Hikkaduwa_main.jpg','2/Hikkaduwa_main.jpg',1,'roo','roo',3),(3,'Negombo','Negombo',1,'Negambo','Gampaha','Negombo_Main.jpg','3/Negombo_Main.jpg',1,'roo','roo',3),(4,'Trincomalee','Trincomalee',1,'Trincomalee ','Trincomalee ','Trincomale_Main.jpg','4/Trincomale_Main.jpg',1,'roo','roo',3),(5,'Pasikudah','Pasikudah',1,'Batticaloa','Batticaloa','Pasikuda_Main.jpg','5/Pasikuda_Main.jpg',1,'roo','roo',3),(6,'Udawalawe National Park','Udawalawe_National_Park',2,'Ratnapura','Ratnapura','Udawalawe_Main.jpg','6/Udawalawe_Main.jpg',1,'roo','roo',4),(7,'Pinnawala Orphanage','Pinnawala_Elephant_Orphanage',2,'Kandy','Kandy','Pinnawala_Main.jpg','7/Pinnawala_Main.jpg',1,'roo','roo',2),(8,'Wilpattu National Park','Wilpattu_National_Park',2,'Anuradhapura','Anuradhapura','Wilpathu_Main.jpg','8/Wilpathu_Main.jpg',1,'roo','roo',4),(9,'Bopath Falls','Bopath_Ella_Falls',3,'Ratnapura','Ratnapura','Bopath ella_Main.jpg','9/Bopath ella_Main.jpg',1,'roo','roo',1),(10,'Bamarakanda Falls','Bambarakanda_Falls',3,'Badulla','Badulla','Babarakanda_Main.jpg','10/Babarakanda_Main.jpg',1,'roo','roo',1),(11,'Devon Falls','Devon_Falls',3,'Nuwara Eliya ','Nuwara Eliya','Devon falls_Main.jpg','11/Devon falls_Main.jpg',1,'roo','Arlene',1),(12,'St Clairs Falls','St.Clairs_Falls',3,'Nuwara Eliya','Nuwara Eliya','st.clair_Main.jpg','12/st.clair_Main.jpg',1,'roo','roo',1),(13,'Diyaluma Waterfall','Diyaluma_Falls',3,'Badulla','Badulla','Diyaluma_Main.jpg','13/Diyaluma_Main.jpg',1,'roo','roo',1),(14,'Adam\'s Peak','Adam\'s_Peak',4,'Ratnapura','Ratnapura','Adams Peak_Main.jpg','14/Adams Peak_Main.jpg',1,'roo','roo',10),(15,'Horton Plains National Park ','Horton_Plains_National_Park',4,'Nuwara Eliya','Nuwara Eliya','Horton plain\'s & world\'s end_Main.jpg','15/Horton plain\'s & world\'s end_Main.jpg',1,'roo','roo',6),(16,'Pidurutalagala','Pidurutalagala',4,'Nuwara Eliya','Nuwara Eliya','Piduruthalagala_Main.jpg','16/Piduruthalagala_Main.jpg',1,'roo','roo',5),(17,'Sinharaja Forest','Sinharaja_Forest_Reserve',5,'Galle','Galle','Sinharaja_Main.jpg','17/Sinharaja_Main.jpg',1,'roo','roo',4),(18,'Peradeniya Botanical Gardens','Peradeniya Botanical Gardens',5,'Kandy','Kandy','Peradeniya_Main.jpg','18/Peradeniya_Main.jpg',1,'roo','roo',1),(19,'Hakgala Gardens','Hakgala_Botanical_Garden',5,'Nuwara Eliya','Nuwara Eliya','Hakgala_Main.jpg','19/Hakgala_Main.jpg',1,'roo','roo',1),(20,'Sigiriya','Sigiriya',6,'Sigiriya','Matale','Sigiriya_Main.jpg','20/Sigiriya_Main.jpg',1,'roo','roo',3),(21,'Dalada Maligawa','Temple_of_the_Tooth',6,'Kandy','Kandy','Dalada maligawa_Main.jpg','21/Dalada maligawa_Main.jpg',1,'roo','roo',1),(22,'Dambulla','Dambulla_cave_temple',6,'Dambulla','Matale','Dambulla_Main.jpg','22/Dambulla_Main.jpg',1,'roo','roo',2),(23,'Mihintale','Mihintale',6,'Anuradhapura','Anuradhapura','Mihintale_Main.jpg','23/Mihintale_Main.jpg',1,'roo','roo',2),(24,'Sri Maha Bodhiya','Sri_Maha_Bodhiya',7,'Anuradhapura','Anuradhapura','Sri Maha Bodhiya_Main.jpg','24/Sri Maha Bodhiya_Main.jpg',1,'roo','roo',1),(25,'Ruwanwelisaya',' Ruwanwelisaya',7,'Anuradhapura','Anuradhapura','Ruwanwelisaya_Main.jpg','25/Ruwanwelisaya_Main.jpg',1,'roo','roo',1),(26,'Thuparamaya','Thuparamaya',7,'Anuradhapura','Anuradhapura','Thuparamaya_Main.jpg','26/Thuparamaya_Main.jpg',1,'roo','roo',1),(27,'Lovamahapaya','Lovamahapaya',7,'Anuradhapura','Anuradhapura','Lovamahapaya_Main.jpg','27/Lovamahapaya_Main.jpg',1,'roo','roo',1),(28,'Abayagiri Dagaba','Abhayagiri_Dagaba',7,'Anuradhapura','Anuradhapura','Abhayagiri Dagaba_Main.jpg','28/Abhayagiri Dagaba_Main.jpg',1,'roo','roo',1),(29,'Jetavanarama','Jetavanarama',7,'Anuradhapura','Anuradhapura','Jetavanaramaya_Main.jpg','29/Jetavanaramaya_Main.jpg',1,'roo','roo',1),(30,'Mirisavetiya','Mirisawetiya_Vihara',7,'Anuradhapura','Anuradhapura','Mirisaveti Stupa_Main.jpg','30/Mirisaveti Stupa_Main.jpg',1,'roo','roo',1),(31,'Lankarama','Lankarama',7,'Anuradhapura','Anuradhapura','Lankarama Dagoba_Main.jpg','31/Lankarama Dagoba_Main.jpg',1,'roo','roo',1),(32,'Lankatilaka Viharaya','-',7,'Polonnaruwa','Polonnaruwa','Lankatilaka_vihara_Main.jpg','32/Lankatilaka_vihara_Main.jpg',1,'roo','roo',1),(33,'Gal Viharaya','Gal_Viharaya',7,'Polonnaruwa','Polonnaruwa','Gal Vihara_Main.jpg','33/Gal Vihara_Main.jpg',1,'roo','roo',1),(34,'Rankoth Vihara','Rankoth_Vihara',7,'Polonnaruwa','Polonnaruwa','Rankot_viharaya_Main.jpg','34/Rankot_viharaya_Main.jpg',1,'roo','roo',1),(35,'Gal Potha, Polonnaruwa, Sri Lanka','-',7,'Polonnaruwa','Polonnaruwa','Gal Pota_Main.jpg','35/Gal Pota_Main.jpg',1,'roo','roo',1),(36,'Nissanka Malla','Nissanka_Malla',7,'Polonnaruwa','Polonnaruwa','resizedimage.png','36/resizedimage.png',1,'roo','roo',1),(37,'Bandaranaike International Airport','Bandaranaike_International_Airport',8,'Katunayake','Gampaha',NULL,NULL,1,'roo','roo',0),(38,'kelaniya Temple','Kelniya Temple is located in Gampaha District.',7,'Kelaniya','Gampaha','10151i305CAFB28ED1CE16.jpg','38/10151i305CAFB28ED1CE16.jpg',1,'nirosh','nirosh',1);
/*!40000 ALTER TABLE `location` ENABLE KEYS */;
UNLOCK TABLES;
/*!40103 SET TIME_ZONE=@OLD_TIME_ZONE */;

/*!40101 SET SQL_MODE=@OLD_SQL_MODE */;
/*!40014 SET FOREIGN_KEY_CHECKS=@OLD_FOREIGN_KEY_CHECKS */;
/*!40014 SET UNIQUE_CHECKS=@OLD_UNIQUE_CHECKS */;
/*!40101 SET CHARACTER_SET_CLIENT=@OLD_CHARACTER_SET_CLIENT */;
/*!40101 SET CHARACTER_SET_RESULTS=@OLD_CHARACTER_SET_RESULTS */;
/*!40101 SET COLLATION_CONNECTION=@OLD_COLLATION_CONNECTION */;
/*!40111 SET SQL_NOTES=@OLD_SQL_NOTES */;

-- Dump completed on 2015-01-26  9:09:39
